{
  "version": 1,
  "author": "Anonymous maker",
  "editor": "wokwi",
  "parts": [
    { "type": "wokwi-breadboard", "id": "bb1", "top": 217.8, "left": -189.2, "attrs": {} },
    { "type": "board-esp32-devkit-c-v4", "id": "esp", "top": -76.8, "left": -100.76, "attrs": {} },
    { "type": "board-ds18b20", "id": "temp1", "top": 219.67, "left": -101.52, "attrs": {} },
    {
      "type": "wokwi-ntc-temperature-sensor",
      "id": "ntc1",
      "top": 165.3,
      "left": -48.5,
      "rotate": 90,
      "attrs": {}
    },
    {
      "type": "wokwi-led",
      "id": "led1",
      "top": 226.8,
      "left": 282.2,
      "attrs": { "color": "red" }
    },
    {
      "type": "wokwi-ntc-temperature-sensor",
      "id": "ntc2",
      "top": 165.3,
      "left": 143.5,
      "rotate": 90,
      "attrs": {}
    },
    {
      "type": "wokwi-ntc-temperature-sensor",
      "id": "ntc3",
      "top": 165.3,
      "left": 47.5,
      "rotate": 90,
      "attrs": {}
    },
    {
      "type": "wokwi-resistor",
      "id": "r1",
      "top": 301,
      "left": 267.95,
      "rotate": 270,
      "attrs": { "value": "220" }
    },
    {
      "type": "board-ssd1306",
      "id": "oled1",
      "top": 118.34,
      "left": 336.23,
      "attrs": { "i2cAddress": "0x3c" }
    }
  ],
  "connections": [
    [ "esp:TX", "$serialMonitor:RX", "", [] ],
    [ "esp:RX", "$serialMonitor:TX", "", [] ],
    [ "bb1:tn.1", "esp:GND.1", "black", [ "v0" ] ],
    [ "bb1:8t.b", "bb1:tn.2", "black", [ "h-38.4", "v-38.3" ] ],
    [ "esp:3V3", "bb1:1b.f", "red", [ "h0" ] ],
    [ "bb1:1b.g", "bb1:10t.b", "red", [ "h86.4", "v-67.2" ] ],
    [ "esp:4", "bb1:9t.b", "white", [ "h9.6", "v76.8", "h-67.2", "v105.6", "h-28.8" ] ],
    [ "bb1:21t.b", "bb1:tn.19", "black", [ "h28.8", "v-38.3" ] ],
    [ "bb1:31t.b", "bb1:tn.27", "black", [ "h28.8", "v-38.3" ] ],
    [ "bb1:41t.b", "bb1:tn.36", "black", [ "h38.4", "v-38.3" ] ],
    [ "bb1:1b.g", "bb1:20t.b", "red", [ "h182.4", "v-67.2" ] ],
    [ "bb1:1b.g", "bb1:30t.b", "red", [ "h278.4", "v-67.2" ] ],
    [ "bb1:1b.g", "bb1:40t.b", "red", [ "h374.4", "v-67.2" ] ],
    [ "ntc3:GND", "bb1:31t.a", "", [ "$bb" ] ],
    [ "ntc3:VCC", "bb1:30t.a", "", [ "$bb" ] ],
    [ "ntc3:OUT", "bb1:29t.a", "", [ "$bb" ] ],
    [ "ntc2:GND", "bb1:41t.a", "", [ "$bb" ] ],
    [ "ntc2:VCC", "bb1:40t.a", "", [ "$bb" ] ],
    [ "ntc2:OUT", "bb1:39t.a", "", [ "$bb" ] ],
    [ "bb1:19t.b", "esp:32", "blue", [ "h-38.4", "v-67.2", "h-76.8", "v-201.6" ] ],
    [ "bb1:29t.b", "esp:33", "green", [ "h-38.4", "v-76.8", "h-182.4", "v-182.4" ] ],
    [ "bb1:39t.b", "esp:34", "gold", [ "h-38.4", "v-86.4", "h-288", "v-201.6" ] ],
    [ "bb1:50t.b", "esp:2", "red", [ "v0" ] ],
    [ "led1:A", "bb1:50t.a", "", [ "$bb" ] ],
    [ "led1:C", "bb1:49t.a", "", [ "$bb" ] ],
    [ "bb1:49b.g", "bb1:tn.37", "black", [ "h-28.8", "v-105.5" ] ],
    [ "ntc1:GND", "bb1:21t.a", "", [ "$bb" ] ],
    [ "ntc1:VCC", "bb1:20t.a", "", [ "$bb" ] ],
    [ "ntc1:OUT", "bb1:19t.a", "", [ "$bb" ] ],
    [ "r1:1", "bb1:49b.f", "", [ "$bb" ] ],
    [ "r1:2", "bb1:49t.b", "", [ "$bb" ] ],
    [ "oled1:VCC", "bb1:63b.g", "red", [ "v-19.2", "h67.35", "v240" ] ],
    [ "oled1:GND", "bb1:tn.41", "black", [ "h-57.6", "v115.3" ] ],
    [ "oled1:SCL", "esp:22", "violet", [ "v0" ] ],
    [ "oled1:SDA", "esp:21", "gray", [ "v0" ] ],
    [ "temp1:GND", "bb1:8t.a", "", [ "$bb" ] ],
    [ "temp1:DQ", "bb1:9t.a", "", [ "$bb" ] ],
    [ "temp1:VCC", "bb1:10t.a", "", [ "$bb" ] ]
  ],
  "dependencies": {}
}